{
    "fmri_model": {
        "units": 50,
        "l2_reg": 0.01,
        "dropout_rate": 0.5,
        "learning_rate": 0.0005,
        "epochs": 50,
        "batch_size": 32
    },
    "multimodal_model": {
        "units": 96,
        "l2_reg": 0.002242865877928494,
        "dropout_rate": 0.3,
        "learning_rate": 0.003956370567137552,
        "epochs": 50,
        "batch_size": 32
    },
    "pheno_model": {
        "units": 128,
        "l2_reg": 0.000341627685690365,
        "dropout_rate": 0.30000000000000004,
        "learning_rate": 0.003861389304079491,
        "epochs": 50,
        "batch_size": 32
    }
}