{
    "Decision Tree": {
        "Accuracy": 0.615819209039548,
        "Precision": 0.6158906490924138,
        "Recall": 0.615819209039548,
        "F1-Score": 0.6129907015369975,
        "Sensitivity (ASD)": 0.5294117647058824,
        "Specificity (non-ASD)": 0.6956521739130435,
        "ROC AUC": 0.6125319693094629,
        "Confusion Matrix": [
            [
                64,
                28
            ],
            [
                40,
                45
            ]
        ]
    },
    "Random Forest": {
        "Accuracy": 0.6779661016949152,
        "Precision": 0.6781328643764591,
        "Recall": 0.6779661016949152,
        "F1-Score": 0.6780278472415177,
        "Sensitivity (ASD)": 0.6705882352941176,
        "Specificity (non-ASD)": 0.6847826086956522,
        "ROC AUC": 0.747314578005115,
        "Confusion Matrix": [
            [
                63,
                29
            ],
            [
                28,
                57
            ]
        ]
    },
    "SVC": {
        "Accuracy": 0.519774011299435,
        "Precision": 0.2701650228223052,
        "Recall": 0.519774011299435,
        "F1-Score": 0.3555331527103942,
        "Sensitivity (ASD)": 0.0,
        "Specificity (non-ASD)": 1.0,
        "ROC AUC": 0.4679028132992327,
        "Confusion Matrix": [
            [
                92,
                0
            ],
            [
                85,
                0
            ]
        ]
    },
    "MLP": {
        "Accuracy": 0.480225988700565,
        "Precision": 0.23061700022343515,
        "Recall": 0.480225988700565,
        "F1-Score": 0.3115970155690689,
        "Sensitivity (ASD)": 1.0,
        "Specificity (non-ASD)": 0.0,
        "ROC AUC": 0.5,
        "Confusion Matrix": [
            [
                0,
                92
            ],
            [
                0,
                85
            ]
        ]
    },
    "LDA": {
        "Accuracy": 0.559322033898305,
        "Precision": 0.5589570688089538,
        "Recall": 0.559322033898305,
        "F1-Score": 0.5590681871436383,
        "Sensitivity (ASD)": 0.5294117647058824,
        "Specificity (non-ASD)": 0.5869565217391305,
        "ROC AUC": 0.6024296675191816,
        "Confusion Matrix": [
            [
                54,
                38
            ],
            [
                40,
                45
            ]
        ]
    },
    "KNN": {
        "Accuracy": 0.8361581920903954,
        "Precision": 0.8470980996404726,
        "Recall": 0.8361581920903954,
        "F1-Score": 0.8355293413963558,
        "Sensitivity (ASD)": 0.9176470588235294,
        "Specificity (non-ASD)": 0.7608695652173914,
        "ROC AUC": 0.9026854219948849,
        "Confusion Matrix": [
            [
                70,
                22
            ],
            [
                7,
                78
            ]
        ]
    },
    "Gradient Boosting": {
        "Accuracy": 0.864406779661017,
        "Precision": 0.8649124642533305,
        "Recall": 0.864406779661017,
        "F1-Score": 0.8642156074713566,
        "Sensitivity (ASD)": 0.8352941176470589,
        "Specificity (non-ASD)": 0.8913043478260869,
        "ROC AUC": 0.9258951406649616,
        "Confusion Matrix": [
            [
                82,
                10
            ],
            [
                14,
                71
            ]
        ]
    },
    "XGBoost": {
        "Accuracy": 0.768361581920904,
        "Precision": 0.768980511648575,
        "Recall": 0.768361581920904,
        "F1-Score": 0.7684503521127396,
        "Sensitivity (ASD)": 0.7764705882352941,
        "Specificity (non-ASD)": 0.7608695652173914,
        "ROC AUC": 0.8468030690537085,
        "Confusion Matrix": [
            [
                70,
                22
            ],
            [
                19,
                66
            ]
        ]
    },
    "Logistic Regression": {
        "Accuracy": 0.5649717514124294,
        "Precision": 0.5651746099124894,
        "Recall": 0.5649717514124294,
        "F1-Score": 0.5650551620631029,
        "Sensitivity (ASD)": 0.5529411764705883,
        "Specificity (non-ASD)": 0.5760869565217391,
        "ROC AUC": 0.609846547314578,
        "Confusion Matrix": [
            [
                53,
                39
            ],
            [
                38,
                47
            ]
        ]
    },
    "Naive Bayes": {
        "Accuracy": 0.6384180790960452,
        "Precision": 0.6442258306665086,
        "Recall": 0.6384180790960452,
        "F1-Score": 0.6372852457121391,
        "Sensitivity (ASD)": 0.7058823529411765,
        "Specificity (non-ASD)": 0.5760869565217391,
        "ROC AUC": 0.6542199488491048,
        "Confusion Matrix": [
            [
                53,
                39
            ],
            [
                25,
                60
            ]
        ]
    }
}